title_term,title_post
蜀,"{47: 1, 95: 1, 128: 1, 130: 1, 172: 1}"
阴,"{75: 1, 209: 1}"
黄,"{18: 1, 57: 1, 124: 1}"
韩,"{103: 1, 149: 1, 201: 1}"
绅,{201: 1}
柳,"{69: 1, 164: 1}"
崔,{209: 1}
陵,"{18: 1, 33: 1, 46: 1, 125: 1, 186: 1, 236: 1, 249: 1}"
阶,{137: 1}
锦,{151: 1}
漳,{69: 1}
思,"{16: 1, 24: 1, 120: 1, 121: 1, 122: 1, 152: 1, 237: 1}"
丹,{84: 1}
引,{84: 1}
筹,{146: 1}
薛,{164: 1}
谷,"{105: 1, 192: 1}"
阙,"{171: 1, 192: 1, 194: 1, 242: 1}"
浩,"{18: 1, 66: 1}"
上,"{10: 1, 39: 1, 40: 1, 124: 1, 162: 1, 165: 1, 180: 1, 208: 1, 245: 1}"
八,"{15: 1, 116: 1, 164: 1}"
孤,{78: 1}
凤,{33: 1}
郡,{234: 1}
洗,{134: 1}
别,"{14: 1, 23: 1, 41: 1, 55: 1, 65: 1, 81: 1, 108: 1, 125: 1, 127: 1, 135: 1, 163: 1, 164: 1, 183: 2, 201: 1, 225: 1}"
次,"{48: 1, 179: 1, 235: 1}"
过,"{131: 1, 182: 1, 212: 1}"
孔,{204: 1}
滁,{52: 1}
与,"{67: 1, 201: 1, 234: 1}"
隋,"{154: 1, 155: 1}"
寄,"{30: 2, 35: 1, 56: 1, 69: 1, 73: 1, 103: 1, 126: 1, 143: 1, 150: 1, 168: 1, 185: 1, 186: 1, 192: 1, 229: 1, 232: 1, 233: 1}"
吹,{142: 1}
图,"{15: 1, 98: 1, 236: 1}"
新,{166: 1}
员,"{30: 2, 164: 1}"
衡,{119: 1}
先,{172: 1}
无,"{54: 1, 157: 1, 158: 1, 159: 1}"
董,{143: 1}
舞,{90: 1}
裴,"{194: 1, 223: 1}"
庭,{49: 1}
金,"{33: 1, 105: 1, 109: 1, 125: 1, 236: 1, 249: 1}"
见,"{65: 1, 113: 1, 124: 1, 200: 1}"
京,"{50: 1, 59: 1, 72: 1}"
丁,{187: 1}
功,{116: 1}
洞,{49: 1}
琶,{32: 1}
晋,{46: 1}
济,{88: 1}
舟,{126: 1}
第,{61: 1}
凰,{33: 1}
奉,"{74: 1, 88: 1}"
贾,"{60: 1, 64: 1, 214: 1}"
王,"{111: 1, 163: 1, 183: 2}"
即,{113: 1}
拾,{73: 1}
僧,"{130: 1, 193: 1}"
刘,"{71: 1, 76: 1}"
远,{165: 1}
自,{168: 1}
封,"{69: 1, 74: 1}"
列,{190: 1}
词,"{8: 1, 13: 1, 227: 1, 244: 1}"
呈,{76: 1}
潼,{242: 1}
里,{29: 1}
溪,"{167: 1, 175: 1, 191: 1, 218: 1}"
眙,{235: 1}
谣,{126: 1}
咏,"{45: 1, 100: 1}"
陆,"{46: 1, 198: 1}"
醉,{245: 1}
白,"{5: 1, 72: 1, 96: 1}"
淮,{58: 1}
浚,{130: 1}
草,{23: 1}
乐,"{26: 1, 104: 1}"
语,{143: 1}
杂,"{3: 1, 199: 1}"
同,"{114: 1, 209: 1}"
试,{10: 1}
难,"{128: 1, 132: 1, 133: 1, 134: 1}"
云,"{135: 1, 201: 1}"
至,"{92: 1, 168: 1, 187: 1, 214: 1}"
谢,{135: 1}
录,{98: 1}
宅,{98: 1}
行,"{32: 1, 36: 1, 75: 1, 82: 1, 90: 1, 93: 1, 112: 1, 132: 1, 133: 1, 134: 1, 141: 1, 216: 1, 217: 1, 222: 1, 247: 1}"
鹤,"{18: 1, 57: 1}"
吟,{127: 1}
岁,{188: 1}
相,"{16: 1, 49: 1, 95: 1, 121: 1}"
燕,"{112: 1, 234: 1}"
阳,"{87: 1, 168: 1, 201: 1, 217: 1}"
安,"{27: 1, 142: 1, 228: 1}"
晓,{2: 1}
鹉,{168: 1}
祭,{204: 1}
南,"{28: 1, 37: 1, 131: 1, 161: 1, 163: 1, 167: 1, 188: 1, 189: 1, 209: 1, 225: 1, 226: 1, 238: 1}"
渭,"{27: 1, 224: 1}"
梅,{184: 1}
遇,"{4: 1, 62: 1, 63: 1, 196: 1, 198: 1, 228: 1}"
三,"{121: 1, 199: 2, 246: 1}"
业,"{187: 1, 225: 1}"
笳,{143: 1}
丞,"{46: 1, 49: 1, 168: 1}"
鲁,{204: 1}
鼓,{118: 1}
酬,"{113: 1, 210: 1}"
雪,"{19: 1, 72: 1}"
湖,"{49: 1, 245: 1}"
御,"{126: 1, 183: 1}"
郎,{150: 1}
锡,{232: 1}
弄,{143: 1}
端,{178: 1}
贫,{195: 1}
送,"{14: 1, 18: 1, 23: 1, 27: 1, 39: 1, 40: 1, 41: 1, 44: 1, 47: 1, 50: 1, 55: 1, 61: 1, 72: 1, 74: 1, 88: 1, 111: 1, 129: 1, 178: 1, 193: 1, 202: 1, 221: 1, 231: 1, 239: 2}"
后,"{53: 1, 202: 1}"
听,"{130: 1, 140: 1, 142: 1, 143: 1}"
善,{142: 1}
公,"{88: 1, 90: 1, 165: 1}"
杜,"{47: 1, 73: 1}"
涧,{52: 1}
灵,"{40: 1, 248: 1}"
仆,{177: 1}
给,{143: 1}
嫦,{43: 1}
头,{80: 1}
虚,{126: 1}
画,{98: 1}
有,"{77: 1, 134: 1, 156: 1}"
遗,{73: 1}
禅,{53: 1}
鱼,{245: 1}
岘,{67: 1}
清,{184: 1}
谒,{119: 1}
池,{160: 1}
娥,{43: 1}
食,{31: 1}
闺,{207: 1}
嵩,{211: 1}
秀,{223: 1}
居,"{175: 1, 180: 1, 220: 1, 223: 1}"
然,"{18: 1, 66: 1}"
扬,"{103: 1, 229: 1}"
斯,{131: 1}
房,"{81: 1, 143: 1, 184: 1, 187: 1}"
士,"{167: 1, 184: 1, 233: 1, 234: 1}"
迪,{223: 1}
壁,{9: 1}
赠,"{49: 1, 66: 1, 84: 1, 108: 1, 113: 1, 116: 1, 194: 1, 223: 1, 250: 1}"
院,{53: 1}
朓,{135: 1}
言,{65: 1}
墓,{81: 1}
文,{234: 1}
维,{183: 2}
鄂,{179: 1}
二,"{27: 1, 30: 2, 108: 1, 132: 1, 158: 1, 159: 1, 164: 1, 227: 1, 248: 1}"
张,"{10: 1, 49: 1, 116: 1, 177: 1, 185: 1, 210: 1}"
巷,{22: 1}
阵,{15: 1}
赴,"{104: 1, 242: 1}"
为,{156: 1}
胡,{143: 1}
衣,"{22: 1, 109: 1}"
泛,"{191: 1, 213: 1}"
西,"{27: 1, 52: 1, 74: 1, 173: 1, 196: 1}"
华,{75: 1}
射,{177: 1}
蓉,{44: 1}
毋,{61: 1}
赋,"{23: 1, 231: 1}"
碑,{149: 1}
暮,"{188: 1, 231: 1}"
收,{28: 1}
觱,{142: 1}
体,{197: 1}
夜,"{20: 1, 24: 1, 30: 2, 56: 1, 77: 1, 89: 1, 94: 1, 101: 1, 102: 1, 113: 1, 116: 1, 136: 1, 139: 1, 162: 1, 170: 1, 219: 1, 237: 1}"
杨,{192: 1}
生,{60: 1}
首,"{34: 1, 100: 1, 108: 1, 121: 1, 158: 1, 159: 1, 177: 1, 199: 1, 227: 1, 246: 1, 248: 1}"
哥,{12: 1}
驿,"{88: 1, 146: 1, 203: 1, 242: 1}"
鸿,{198: 1}
雀,{7: 1}
幽,{38: 1}
庐,"{126: 1, 186: 1}"
德,{21: 1}
汉,{213: 1}
弟,"{6: 1, 65: 1, 90: 1, 102: 1, 200: 1, 209: 1}"
宿,"{21: 1, 68: 1, 83: 1, 106: 1, 119: 1, 131: 1, 186: 1, 187: 1, 200: 1, 201: 1}"
从,"{141: 1, 209: 1}"
年,"{37: 1, 166: 1}"
严,{88: 1}
大,"{74: 1, 90: 1, 143: 1, 187: 1, 189: 1, 203: 1, 214: 1, 229: 1}"
望,"{25: 1, 46: 1, 49: 1, 51: 1, 76: 1, 97: 1, 99: 1, 168: 1}"
题,"{53: 1, 54: 1, 114: 1, 119: 1, 157: 1, 158: 1, 159: 1, 171: 1, 203: 1, 242: 1, 249: 1}"
斋,"{192: 1, 209: 1, 234: 1}"
帝,{5: 1}
孟,"{18: 1, 66: 1}"
筝,{140: 1}
置,{131: 1}
迹,{100: 1}
时,{139: 1}
宴,{184: 1}
兰,{185: 1}
野,{99: 1}
寒,{31: 1}
临,{213: 1}
狱,{45: 1}
孙,{90: 1}
卢,"{126: 1, 200: 1}"
征,"{74: 1, 174: 1}"
庄,"{182: 1, 215: 1}"
得,"{23: 1, 231: 1}"
怨,"{11: 1, 110: 1, 137: 1, 138: 1, 169: 1, 174: 1, 205: 1, 206: 1, 207: 1, 241: 1}"
令,{150: 1}
阁,{89: 1}
笔,{146: 1}
台,"{33: 1, 38: 1, 74: 1, 76: 1, 165: 1, 197: 1, 237: 1, 248: 1}"
柴,{17: 1}
川,"{134: 1, 215: 1, 223: 1, 224: 1}"
岭,{203: 1}
平,{202: 1}
利,{238: 1}
花,{153: 1}
蝉,"{45: 1, 145: 1}"
翁,{176: 1}
之,"{18: 1, 47: 1, 50: 1, 124: 1, 204: 1, 214: 1}"
渐,"{44: 1, 198: 1}"
蓟,{51: 1}
主,{172: 1}
秦,{58: 1}
灞,{180: 1}
游,"{26: 1, 46: 1, 104: 1, 114: 1, 127: 1, 163: 1, 186: 1, 239: 1}"
出,"{1: 1, 74: 1}"
朝,"{64: 1, 214: 1}"
柏,{36: 1}
冯,{228: 1}
乌,{22: 1}
水,"{10: 1, 124: 1, 134: 1}"
夫,{74: 1}
叔,{135: 1}
初,{229: 1}
隐,"{4: 1, 196: 1}"
日,"{6: 1, 76: 1, 165: 1, 184: 1, 189: 1, 193: 1, 242: 1}"
信,{205: 1}
嵬,{42: 1}
北,"{28: 1, 48: 1, 56: 1, 144: 1, 202: 1, 203: 1}"
诸,"{67: 1, 234: 1}"
洛,{217: 1}
斛,{131: 1}
在,{45: 1}
寺,"{53: 1, 119: 1, 165: 1, 212: 1}"
军,"{28: 1, 84: 1, 98: 1, 141: 1}"
早,"{5: 1, 46: 1, 64: 1, 214: 1, 243: 1}"
校,"{135: 1, 229: 1}"
狐,{150: 1}
女,"{190: 1, 195: 1, 217: 1}"
恨,{70: 1}
待,{187: 1}
江,"{19: 1, 21: 1, 37: 1, 79: 1, 80: 1, 161: 1, 164: 1, 181: 1, 186: 1, 213: 1}"
赤,{9: 1}
楚,{181: 1}
者,"{4: 1, 196: 1}"
天,"{96: 1, 124: 1, 127: 1}"
缕,{109: 1}
籍,{10: 1}
和,"{46: 1, 64: 1, 177: 1, 214: 1}"
娘,{90: 1}
内,{250: 1}
外,"{30: 2, 65: 1, 164: 1, 200: 1}"
楼,"{7: 1, 18: 1, 44: 1, 57: 1, 69: 1, 86: 1, 87: 1, 119: 1, 135: 1, 242: 1}"
近,"{10: 1, 113: 1}"
程,{113: 1}
故,"{79: 1, 182: 1}"
鹿,{17: 1}
馆,"{29: 1, 201: 1}"
使,"{27: 1, 59: 1, 221: 1}"
武,"{72: 1, 240: 1}"
轮,{74: 1}
末,{96: 1}
器,{90: 1}
君,"{124: 1, 221: 1}"
重,"{88: 1, 164: 1}"
闻,"{28: 1, 162: 1}"
受,{162: 1}
汀,{69: 1}
判,"{72: 1, 103: 1}"
篥,{142: 1}
园,{105: 1}
终,"{131: 1, 225: 1, 226: 1}"
省,"{73: 1, 83: 1}"
庙,"{119: 1, 172: 1, 240: 1}"
六,"{164: 1, 177: 1}"
渡,"{55: 1, 238: 1, 249: 1}"
饯,"{135: 1, 163: 1}"
洲,{168: 1}
山,"{6: 1, 14: 1, 48: 1, 53: 1, 67: 1, 117: 1, 123: 1, 126: 1, 131: 2, 173: 1, 185: 1, 187: 1, 188: 1, 196: 1, 209: 1, 211: 1, 220: 1, 226: 1, 233: 1}"
干,{34: 1}
高,{85: 1}
丽,{93: 1}
明,"{76: 1, 184: 1, 214: 1}"
观,"{90: 1, 98: 1, 114: 1}"
子,"{67: 1, 90: 1, 139: 1, 204: 1, 229: 1}"
全,{233: 1}
四,"{34: 1, 69: 1, 88: 1, 139: 1}"
晚,{179: 1}
宫,"{13: 1, 110: 1, 154: 1, 155: 1, 206: 1, 214: 1, 244: 1, 247: 1}"
下,"{48: 1, 131: 1, 177: 1, 194: 1}"
竹,{29: 1}
龟,{37: 1}
常,{167: 1}
补,{192: 1}
桐,{186: 1}
姥,{127: 1}
县,{235: 1}
路,"{132: 1, 133: 1, 134: 1}"
魏,{50: 1}
耶,{191: 1}
若,{191: 1}
峡,{111: 1}
雨,"{56: 1, 147: 1, 148: 1, 215: 1, 231: 1, 234: 1}"
东,"{6: 1, 230: 1, 239: 2}"
侍,"{126: 1, 183: 1}"
韦,{98: 1}
其,"{132: 1, 133: 1, 199: 1}"
秋,"{30: 2, 113: 1, 139: 1, 165: 1, 180: 1, 185: 1, 219: 1, 220: 1, 242: 1, 243: 1}"
将,"{84: 1, 98: 1, 104: 1, 124: 1, 216: 1}"
序,"{45: 1, 90: 1, 245: 1}"
颍,{134: 1}
道,"{128: 1, 167: 1, 184: 1, 233: 1}"
曲,"{27: 1, 34: 1, 161: 1, 177: 1, 208: 1, 219: 1}"
泊,"{20: 1, 58: 1, 136: 1}"
部,{10: 1}
夕,{235: 1}
牛,{136: 1}
梓,{221: 1}
舍,"{64: 1, 79: 1, 102: 1, 194: 1, 214: 1}"
宣,{135: 1}
桃,{222: 1}
逢,"{37: 1, 59: 1}"
雁,{78: 1}
口,"{168: 1, 192: 1}"
还,{61: 1}
尉,{81: 1}
渚,{136: 1}
归,"{72: 1, 188: 1, 193: 1, 202: 1, 211: 1, 239: 1}"
绰,{103: 1}
并,"{45: 1, 90: 1, 245: 1}"
桥,{20: 1}
霸,{84: 1}
怀,"{77: 1, 94: 1, 96: 1, 100: 1, 107: 1, 136: 1, 173: 1, 181: 1, 189: 1, 246: 1}"
悲,{246: 1}
乡,"{61: 1, 79: 1}"
亭,{189: 1}
肆,{125: 1}
十,"{30: 1, 71: 1, 116: 1, 163: 1}"
兄,{6: 1}
才,{223: 1}
河,"{28: 2, 124: 1}"
哀,{80: 1}
除,{77: 1}
忆,"{6: 1, 102: 1, 209: 1}"
旧,{186: 1}
萝,{144: 1}
月,"{6: 1, 101: 1, 102: 1, 116: 1, 123: 1, 170: 1, 209: 1}"
弹,"{130: 1, 143: 1}"
田,{224: 1}
遂,{119: 1}
左,"{73: 1, 83: 1}"
塞,"{1: 1, 173: 1, 177: 1, 208: 1}"
荆,{55: 1}
岳,"{87: 1, 97: 1, 119: 2, 168: 1}"
玩,{209: 1}
鹦,{168: 1}
贬,{111: 2}
兵,{82: 1}
盱,{235: 1}
风,{148: 1}
李,"{37: 1, 96: 1, 111: 1, 178: 1, 221: 1, 231: 1, 232: 1}"
歌,"{12: 1, 38: 1, 70: 1, 72: 1, 74: 1, 112: 1, 118: 1, 139: 2, 142: 1, 245: 1}"
辋,"{215: 1, 223: 1}"
著,{228: 1}
古,"{23: 1, 36: 1, 100: 1, 136: 1, 141: 1, 173: 1, 181: 1}"
门,"{51: 1, 55: 1, 119: 1}"
少,"{47: 1, 111: 2, 209: 1, 210: 1}"
问,{71: 1}
韵,{88: 1}
事,"{98: 1, 113: 1, 143: 1}"
遣,"{107: 1, 246: 1}"
留,"{125: 1, 127: 1, 183: 2}"
连,{69: 1}
一,"{133: 1, 163: 1}"
积,"{212: 1, 215: 1}"
不,"{4: 1, 124: 1, 187: 1, 196: 1, 198: 1}"
庾,{203: 1}
破,{53: 1}
长,"{34: 1, 70: 1, 111: 1, 121: 1, 205: 1, 228: 1}"
发,"{5: 1, 229: 1}"
夏,"{168: 1, 189: 1}"
仙,"{76: 1, 114: 1}"
琵,{32: 1}
鹳,{7: 1}
城,"{5: 1, 27: 1, 69: 1, 162: 1}"
澈,{40: 1}
喜,"{65: 1, 200: 1}"
耳,{134: 1}
马,"{42: 1, 98: 1}"
已,{115: 1}
经,"{75: 1, 204: 1}"
进,{124: 1}
车,{82: 1}
儋,{232: 1}
师,"{74: 1, 187: 1}"
州,"{8: 1, 38: 1, 47: 1, 52: 1, 69: 2, 103: 1, 135: 1, 164: 1, 179: 1, 221: 1, 227: 1, 238: 1}"
沙,{111: 1}
友,{129: 1}
静,{24: 1}
书,"{94: 1, 135: 1, 192: 1, 229: 1}"
任,{47: 1}
曹,"{84: 1, 98: 1, 116: 1, 231: 1}"
潜,{61: 1}
贼,{202: 1}
情,{138: 1}
石,"{117: 1, 118: 1, 245: 1}"
郊,{230: 1}
元,"{27: 1, 168: 1, 229: 1, 232: 1}"
又,{65: 1}
关,"{123: 1, 242: 1}"
集,"{79: 1, 234: 1, 248: 1}"
本,{193: 1}
笛,{162: 1}
操,{190: 1}
枫,{20: 1}
九,"{6: 2, 71: 1, 76: 1}"
酒,"{124: 1, 125: 1, 131: 1}"
作,"{166: 1, 211: 1, 214: 1, 215: 1}"
而,{204: 1}
瑶,"{160: 1, 241: 1}"
固,{48: 1}
梦,{127: 1}
渔,{176: 1}
登,"{7: 1, 26: 1, 33: 1, 38: 1, 67: 1, 69: 1, 76: 1, 85: 1, 86: 1, 87: 1, 104: 1, 165: 1, 185: 1}"
暝,{220: 1}
青,"{84: 1, 144: 1, 218: 1}"
源,{222: 1}
客,"{79: 1, 92: 1}"
入,{59: 1}
丘,{30: 2}
府,"{47: 1, 68: 1, 76: 1, 111: 2, 209: 1, 210: 1}"
坡,{42: 1}
玉,"{137: 1, 197: 1}"
讽,{98: 1}
·,"{124: 1, 134: 1}"
原,"{23: 1, 26: 1, 104: 1}"
闲,{223: 1}
官,"{28: 1, 72: 1, 103: 1}"
綦,{61: 1}
莫,{134: 1}
五,"{100: 1, 116: 1, 185: 1}"
降,{162: 1}
春,"{2: 1, 11: 1, 25: 1, 46: 1, 83: 1, 110: 1, 120: 1, 122: 1, 147: 1, 169: 1, 191: 1, 206: 1}"
凉,"{8: 1, 115: 1, 152: 1, 227: 1}"
诗,"{3: 1, 199: 1}"
儿,{217: 1}
瑟,"{151: 1, 241: 1}"
舒,{12: 1}
琴,{130: 1}
纶,{200: 1}
剑,{90: 1}
太,{81: 1}
万,"{50: 1, 142: 1}"
人,"{35: 1, 39: 1, 40: 1, 64: 1, 79: 1, 91: 1, 93: 1, 129: 1, 131: 1, 174: 1, 182: 1, 194: 1, 202: 1, 214: 1, 239: 2, 250: 1}"
兼,{143: 1}
椒,{233: 1}
吴,"{104: 1, 165: 1}"
章,{237: 1}
寻,"{4: 1, 167: 1, 196: 1, 198: 1}"
偶,{79: 1}
香,{212: 1}
旅,"{94: 1, 106: 1}"
辛,"{44: 1, 189: 1}"
落,"{61: 1, 153: 1}"
广,"{18: 1, 186: 1}"
建,{21: 1}
佳,{91: 1}
老,{216: 1}
兴,{104: 1}
来,{124: 1}
叹,{204: 1}
苏,{240: 1}
芙,{44: 1}
眺,{165: 1}
中,"{14: 1, 111: 1, 150: 1, 168: 1, 233: 1, 234: 1}"
家,{224: 1}
感,"{62: 1, 63: 1}"
